id;first_name;last_name;gender;email;phone;address_line_1;address_line_2;city;country
1;Alfred;Hansen;MALE;Lance25@hotmail.com;083-351-3587;lavender;Club backing up;South Hankmouth;Peru
2;Lourdes;Conn;MALE;Perry43@gmail.com;702-019-0846 x640;Corporate;Enterprise-wide Benin;Christfurt;United Arab Emirates
3;Dusty;Nienow;MALE;Heaven56@hotmail.com;171.031.0000;JBOD;Shoes Music connect;Kozeyborough;Chile
4;Jamar;Kemmer;MALE;Sheridan37@yahoo.com;695-585-6616;Web;Outdoors New York Data;Mariannabury;Mexico
5;Lue;Champlin;MALE;Gerry_Schuppe90@yahoo.com;120-213-0006;robust withdrawal generate;Garden open-source hybrid;New Maverickborough;Netherlands
6;Trent;Terry;MALE;Vivian.Goyette@hotmail.com;758-597-4132 x753;Infrastructure SSL bandwidth;application Configurable iterate;Joanyport;South Africa
7;Gillian;Hamill;MALE;Amir_Anderson84@yahoo.com;(339) 969-4546;Common;Money Market Account;Margarettaberg;Saint Kitts and Nevis
8;Tyson;Schiller;MALE;Zella44@gmail.com;1-853-719-1678 x6818;infomediaries;Fantastic Fresh Salad;Cadenton;Luxembourg
9;Arvel;Feeney;MALE;Ulises_Upton75@gmail.com;370.473.5742;array supply-chains Advanced;Parkway Handmade Wooden Cheese;Lake Lyricmouth;Saint Helena
10;Marina;McCullough;MALE;Jason86@yahoo.com;1-249-809-9503 x805;Agent Gorgeous Rubber Chicken Associate;Tuna magenta;South Zella;Netherlands
