id;tracking_code;jhi_date;details
1;concept payment;2019-07-20T21:01:18;Awesome Granite
2;Delaware;2019-07-20T17:10:41;Pakistan Rupee
3;Chicken;2019-07-20T18:29:21;Human Mission
4;Officer Savings Account Automated;2019-07-20T07:03:44;B2B
5;Chair Awesome;2019-07-20T23:53:23;Island cyan
6;Granite open architecture;2019-07-20T19:04:02;Licensed
7;Credit Card Account Sleek;2019-07-20T05:49:10;Regional
8;Home;2019-07-20T05:56:46;Handmade Savings Account Manager
9;cultivate Bedfordshire;2019-07-20T11:56:50;back-end Roads bypass
10;Concrete;2019-07-20T23:35:25;Bond Markets Units European Composite Unit (EURCO) connecting generate
